year,month,CPI,CPI_Inflation,avg_HPI,long_term_interest,federal_funds_rates,budget_on_education,gdp,population,employed_percent,unemployed_percent,lowest,second,third,fourth,top_5_percent
1976,1,55.6,0.18,,7.74,4.87,9314,1877587,156150,56.8,7.7,21232,39557,60258,86695.0,137486
1976,2,55.8,0.36,,7.79,4.77,9314,1877587,156150,56.8,7.7,21232,39557,60258,86695.0,137486
1976,3,55.9,0.18,,7.73,4.84,9314,1877587,156150,56.8,7.7,21232,39557,60258,86695.0,137486
1976,4,56.1,0.36,,7.56,4.82,9314,1877587,156150,56.8,7.7,21232,39557,60258,86695.0,137486
1976,5,56.5,0.71,,7.9,5.29,9314,1877587,156150,56.8,7.7,21232,39557,60258,86695.0,137486
1976,6,56.8,0.53,,7.86,5.48,9314,1877587,156150,56.8,7.7,21232,39557,60258,86695.0,137486
1976,7,57.1,0.53,,7.83,5.31,9314,1877587,156150,56.8,7.7,21232,39557,60258,86695.0,137486
1976,8,57.4,0.53,,7.77,5.29,9314,1877587,156150,56.8,7.7,21232,39557,60258,86695.0,137486
1976,9,57.6,0.35,,7.59,5.25,9314,1877587,156150,56.8,7.7,21232,39557,60258,86695.0,137486
1976,10,57.9,0.52,,7.41,5.02,9314,1877587,156150,56.8,7.7,21232,39557,60258,86695.0,137486
1976,11,58.0,0.17,,7.29,4.95,9314,1877587,156150,56.8,7.7,21232,39557,60258,86695.0,137486
1976,12,58.2,0.34,,6.87,4.65,9314,1877587,156150,56.8,7.7,21232,39557,60258,86695.0,137486
1977,1,58.5,0.52,,7.21,4.61,10568,2085951,159033,57.9,7.1,21187,39906,60827,88680.0,140409
1977,2,59.1,1.03,,7.39,4.68,10568,2085951,159033,57.9,7.1,21187,39906,60827,88680.0,140409
1977,3,59.5,0.68,,7.46,4.69,10568,2085951,159033,57.9,7.1,21187,39906,60827,88680.0,140409
1977,4,60.0,0.84,,7.37,4.73,10568,2085951,159033,57.9,7.1,21187,39906,60827,88680.0,140409
1977,5,60.3,0.5,,7.46,5.35,10568,2085951,159033,57.9,7.1,21187,39906,60827,88680.0,140409
1977,6,60.7,0.66,,7.28,5.39,10568,2085951,159033,57.9,7.1,21187,39906,60827,88680.0,140409
1977,7,61.0,0.49,,7.33,5.42,10568,2085951,159033,57.9,7.1,21187,39906,60827,88680.0,140409
1977,8,61.2,0.33,,7.4,5.9,10568,2085951,159033,57.9,7.1,21187,39906,60827,88680.0,140409
1977,9,61.4,0.33,,7.34,6.14,10568,2085951,159033,57.9,7.1,21187,39906,60827,88680.0,140409
1977,10,61.6,0.33,,7.52,6.47,10568,2085951,159033,57.9,7.1,21187,39906,60827,88680.0,140409
1977,11,61.9,0.49,,7.58,6.51,10568,2085951,159033,57.9,7.1,21187,39906,60827,88680.0,140409
1977,12,62.1,0.32,,7.69,6.56,10568,2085951,159033,57.9,7.1,21187,39906,60827,88680.0,140409
1978,1,62.5,0.64,,7.96,6.7,11625,2356571,161910,59.3,6.1,21847,41308,62501,90900.0,145420
1978,2,62.9,0.64,,8.03,6.78,11625,2356571,161910,59.3,6.1,21847,41308,62501,90900.0,145420
1978,3,63.4,0.79,,8.04,6.79,11625,2356571,161910,59.3,6.1,21847,41308,62501,90900.0,145420
1978,4,63.9,0.79,,8.15,6.89,11625,2356571,161910,59.3,6.1,21847,41308,62501,90900.0,145420
1978,5,64.5,0.94,,8.35,7.36,11625,2356571,161910,59.3,6.1,21847,41308,62501,90900.0,145420
1978,6,65.2,1.09,,8.46,7.6,11625,2356571,161910,59.3,6.1,21847,41308,62501,90900.0,145420
1978,7,65.7,0.77,,8.64,7.81,11625,2356571,161910,59.3,6.1,21847,41308,62501,90900.0,145420
1978,8,66.0,0.46,,8.41,8.04,11625,2356571,161910,59.3,6.1,21847,41308,62501,90900.0,145420
1978,9,66.5,0.76,,8.42,8.45,11625,2356571,161910,59.3,6.1,21847,41308,62501,90900.0,145420
1978,10,67.1,0.9,,8.64,8.96,11625,2356571,161910,59.3,6.1,21847,41308,62501,90900.0,145420
1978,11,67.4,0.45,,8.81,9.76,11625,2356571,161910,59.3,6.1,21847,41308,62501,90900.0,145420
1978,12,67.7,0.45,,9.01,10.03,11625,2356571,161910,59.3,6.1,21847,41308,62501,90900.0,145420
1979,1,68.3,0.89,,9.1,10.07,13996,2632143,164863,59.9,5.8,22108,41059,63170,91592.0,148001
1979,2,69.1,1.17,,9.1,10.06,13996,2632143,164863,59.9,5.8,22108,41059,63170,91592.0,148001
1979,3,69.8,1.01,,9.12,10.09,13996,2632143,164863,59.9,5.8,22108,41059,63170,91592.0,148001
1979,4,70.6,1.15,,9.18,10.01,13996,2632143,164863,59.9,5.8,22108,41059,63170,91592.0,148001
1979,5,71.5,1.27,,9.25,10.24,13996,2632143,164863,59.9,5.8,22108,41059,63170,91592.0,148001
1979,6,72.3,1.12,,8.91,10.29,13996,2632143,164863,59.9,5.8,22108,41059,63170,91592.0,148001
1979,7,73.1,1.11,,8.95,10.47,13996,2632143,164863,59.9,5.8,22108,41059,63170,91592.0,148001
1979,8,73.8,0.96,,9.03,10.94,13996,2632143,164863,59.9,5.8,22108,41059,63170,91592.0,148001
1979,9,74.6,1.08,,9.33,11.43,13996,2632143,164863,59.9,5.8,22108,41059,63170,91592.0,148001
1979,10,75.2,0.8,,10.3,13.77,13996,2632143,164863,59.9,5.8,22108,41059,63170,91592.0,148001
1979,11,75.9,0.93,,10.65,13.18,13996,2632143,164863,59.9,5.8,22108,41059,63170,91592.0,148001
1979,12,76.7,1.05,,10.39,13.78,13996,2632143,164863,59.9,5.8,22108,41059,63170,91592.0,148001
1980,1,77.8,1.43,,10.8,13.82,15209,2862505,167745,59.2,7.1,21240,39832,61066,89412.0,143892
1980,2,78.9,1.41,,12.41,14.13,15209,2862505,167745,59.2,7.1,21240,39832,61066,89412.0,143892
1980,3,80.1,1.52,,12.75,17.19,15209,2862505,167745,59.2,7.1,21240,39832,61066,89412.0,143892
1980,4,81.0,1.12,,11.47,17.61,15209,2862505,167745,59.2,7.1,21240,39832,61066,89412.0,143892
1980,5,81.8,0.99,,10.18,10.98,15209,2862505,167745,59.2,7.1,21240,39832,61066,89412.0,143892
1980,6,82.7,1.1,,9.78,9.47,15209,2862505,167745,59.2,7.1,21240,39832,61066,89412.0,143892
1980,7,82.7,0.0,,10.25,9.03,15209,2862505,167745,59.2,7.1,21240,39832,61066,89412.0,143892
1980,8,83.3,0.73,,11.1,9.61,15209,2862505,167745,59.2,7.1,21240,39832,61066,89412.0,143892
1980,9,84.0,0.84,,11.51,10.87,15209,2862505,167745,59.2,7.1,21240,39832,61066,89412.0,143892
1980,10,84.8,0.95,,11.75,12.81,15209,2862505,167745,59.2,7.1,21240,39832,61066,89412.0,143892
1980,11,85.5,0.83,,12.68,15.85,15209,2862505,167745,59.2,7.1,21240,39832,61066,89412.0,143892
1980,12,86.3,0.94,,12.84,18.9,15209,2862505,167745,59.2,7.1,21240,39832,61066,89412.0,143892
1981,1,87.0,0.81,,12.57,19.08,16752,3210956,170130,59.0,7.6,20824,38929,60210,89017.0,143258
1981,2,87.9,1.03,,13.19,15.93,16752,3210956,170130,59.0,7.6,20824,38929,60210,89017.0,143258
1981,3,88.5,0.68,,13.12,14.7,16752,3210956,170130,59.0,7.6,20824,38929,60210,89017.0,143258
1981,4,89.1,0.68,,13.68,15.72,16752,3210956,170130,59.0,7.6,20824,38929,60210,89017.0,143258
1981,5,89.8,0.79,,14.1,18.52,16752,3210956,170130,59.0,7.6,20824,38929,60210,89017.0,143258
1981,6,90.6,0.89,,13.47,19.1,16752,3210956,170130,59.0,7.6,20824,38929,60210,89017.0,143258
1981,7,91.6,1.1,,14.28,19.04,16752,3210956,170130,59.0,7.6,20824,38929,60210,89017.0,143258
1981,8,92.3,0.76,,14.94,17.82,16752,3210956,170130,59.0,7.6,20824,38929,60210,89017.0,143258
1981,9,93.2,0.98,,15.32,15.87,16752,3210956,170130,59.0,7.6,20824,38929,60210,89017.0,143258
1981,10,93.4,0.21,,15.15,15.08,16752,3210956,170130,59.0,7.6,20824,38929,60210,89017.0,143258
1981,11,93.7,0.32,,13.39,13.31,16752,3210956,170130,59.0,7.6,20824,38929,60210,89017.0,143258
1981,12,94.0,0.32,,13.72,12.37,16752,3210956,170130,59.0,7.6,20824,38929,60210,89017.0,143258
1982,1,94.3,0.32,,14.59,13.22,15374,3344991,172271,57.8,9.7,20559,39101,59742,89087.0,147058
1982,2,94.6,0.32,,14.43,14.78,15374,3344991,172271,57.8,9.7,20559,39101,59742,89087.0,147058
1982,3,94.5,-0.11,,13.86,14.68,15374,3344991,172271,57.8,9.7,20559,39101,59742,89087.0,147058
1982,4,94.9,0.42,,13.87,14.94,15374,3344991,172271,57.8,9.7,20559,39101,59742,89087.0,147058
1982,5,95.8,0.95,,13.62,14.45,15374,3344991,172271,57.8,9.7,20559,39101,59742,89087.0,147058
1982,6,97.0,1.25,,14.3,14.15,15374,3344991,172271,57.8,9.7,20559,39101,59742,89087.0,147058
1982,7,97.5,0.52,,13.95,12.59,15374,3344991,172271,57.8,9.7,20559,39101,59742,89087.0,147058
1982,8,97.7,0.21,,13.06,10.12,15374,3344991,172271,57.8,9.7,20559,39101,59742,89087.0,147058
1982,9,97.9,0.2,,12.34,10.31,15374,3344991,172271,57.8,9.7,20559,39101,59742,89087.0,147058
1982,9,97.9,0.2,,12.34,,15374,3344991,172271,57.8,9.7,20559,39101,59742,89087.0,147058
1982,10,98.2,0.31,,10.91,9.71,15374,3344991,172271,57.8,9.7,20559,39101,59742,89087.0,147058
1982,10,98.2,0.31,,10.91,,15374,3344991,172271,57.8,9.7,20559,39101,59742,89087.0,147058
1982,11,98.0,-0.2,,10.55,9.2,15374,3344991,172271,57.8,9.7,20559,39101,59742,89087.0,147058
1982,11,98.0,-0.2,,10.55,,15374,3344991,172271,57.8,9.7,20559,39101,59742,89087.0,147058
1982,12,97.6,-0.41,,10.54,8.95,15374,3344991,172271,57.8,9.7,20559,39101,59742,89087.0,147058
1982,12,97.6,-0.41,,10.54,,15374,3344991,172271,57.8,9.7,20559,39101,59742,89087.0,147058
1983,1,97.8,0.2,,10.46,8.68,15267,3638137,174215,57.9,9.6,21005,39057,59945,90593.0,149047
1983,2,97.9,0.1,,10.72,8.51,15267,3638137,174215,57.9,9.6,21005,39057,59945,90593.0,149047
1983,3,97.9,0.0,,10.51,8.77,15267,3638137,174215,57.9,9.6,21005,39057,59945,90593.0,149047
1983,3,97.9,0.0,,10.51,,15267,3638137,174215,57.9,9.6,21005,39057,59945,90593.0,149047
1983,4,98.6,0.72,,10.4,8.8,15267,3638137,174215,57.9,9.6,21005,39057,59945,90593.0,149047
1983,5,99.2,0.61,,10.38,8.63,15267,3638137,174215,57.9,9.6,21005,39057,59945,90593.0,149047
1983,5,99.2,0.61,,10.38,,15267,3638137,174215,57.9,9.6,21005,39057,59945,90593.0,149047
1983,6,99.5,0.3,,10.85,8.98,15267,3638137,174215,57.9,9.6,21005,39057,59945,90593.0,149047
1983,6,99.5,0.3,,10.85,,15267,3638137,174215,57.9,9.6,21005,39057,59945,90593.0,149047
1983,7,99.9,0.4,,11.38,9.37,15267,3638137,174215,57.9,9.6,21005,39057,59945,90593.0,149047
1983,7,99.9,0.4,,11.38,,15267,3638137,174215,57.9,9.6,21005,39057,59945,90593.0,149047
1983,7,99.9,0.4,,11.38,,15267,3638137,174215,57.9,9.6,21005,39057,59945,90593.0,149047
1983,8,100.2,0.3,,11.85,9.56,15267,3638137,174215,57.9,9.6,21005,39057,59945,90593.0,149047
1983,8,100.2,0.3,,11.85,,15267,3638137,174215,57.9,9.6,21005,39057,59945,90593.0,149047
1983,8,100.2,0.3,,11.85,,15267,3638137,174215,57.9,9.6,21005,39057,59945,90593.0,149047
1983,9,100.7,0.5,,11.65,9.45,15267,3638137,174215,57.9,9.6,21005,39057,59945,90593.0,149047
1983,9,100.7,0.5,,11.65,,15267,3638137,174215,57.9,9.6,21005,39057,59945,90593.0,149047
1983,10,101.0,0.3,,11.54,9.48,15267,3638137,174215,57.9,9.6,21005,39057,59945,90593.0,149047
1983,11,101.2,0.2,,11.69,9.34,15267,3638137,174215,57.9,9.6,21005,39057,59945,90593.0,149047
1983,12,101.3,0.1,,11.83,9.47,15267,3638137,174215,57.9,9.6,21005,39057,59945,90593.0,149047
1984,1,101.9,0.59,,11.67,9.56,15336,4040693,176383,59.5,7.5,21408,40066,61728,93247.0,154360
1984,2,102.4,0.49,,11.84,9.59,15336,4040693,176383,59.5,7.5,21408,40066,61728,93247.0,154360
1984,3,102.6,0.2,,12.32,9.91,15336,4040693,176383,59.5,7.5,21408,40066,61728,93247.0,154360
1984,3,102.6,0.2,,12.32,,15336,4040693,176383,59.5,7.5,21408,40066,61728,93247.0,154360
1984,4,103.1,0.49,,12.63,10.29,15336,4040693,176383,59.5,7.5,21408,40066,61728,93247.0,154360
1984,5,103.4,0.29,,13.41,10.32,15336,4040693,176383,59.5,7.5,21408,40066,61728,93247.0,154360
1984,6,103.7,0.29,,13.56,11.06,15336,4040693,176383,59.5,7.5,21408,40066,61728,93247.0,154360
1984,7,104.1,0.39,,13.36,11.23,15336,4040693,176383,59.5,7.5,21408,40066,61728,93247.0,154360
1984,7,104.1,0.39,,13.36,,15336,4040693,176383,59.5,7.5,21408,40066,61728,93247.0,154360
1984,7,104.1,0.39,,13.36,,15336,4040693,176383,59.5,7.5,21408,40066,61728,93247.0,154360
1984,8,104.5,0.38,,12.72,11.64,15336,4040693,176383,59.5,7.5,21408,40066,61728,93247.0,154360
1984,8,104.5,0.38,,12.72,,15336,4040693,176383,59.5,7.5,21408,40066,61728,93247.0,154360
1984,9,105.0,0.48,,12.52,11.3,15336,4040693,176383,59.5,7.5,21408,40066,61728,93247.0,154360
1984,9,105.0,0.48,,12.52,,15336,4040693,176383,59.5,7.5,21408,40066,61728,93247.0,154360
1984,9,105.0,0.48,,12.52,,15336,4040693,176383,59.5,7.5,21408,40066,61728,93247.0,154360
1984,10,105.3,0.29,,12.16,9.99,15336,4040693,176383,59.5,7.5,21408,40066,61728,93247.0,154360
1984,10,105.3,0.29,,12.16,,15336,4040693,176383,59.5,7.5,21408,40066,61728,93247.0,154360
1984,10,105.3,0.29,,12.16,,15336,4040693,176383,59.5,7.5,21408,40066,61728,93247.0,154360
1984,11,105.3,0.0,,11.57,9.43,15336,4040693,176383,59.5,7.5,21408,40066,61728,93247.0,154360
1984,11,105.3,0.0,,11.57,,15336,4040693,176383,59.5,7.5,21408,40066,61728,93247.0,154360
1984,11,105.3,0.0,,11.57,,15336,4040693,176383,59.5,7.5,21408,40066,61728,93247.0,154360
1984,12,105.3,0.0,,11.5,8.38,15336,4040693,176383,59.5,7.5,21408,40066,61728,93247.0,154360
1984,12,105.3,0.0,,11.5,,15336,4040693,176383,59.5,7.5,21408,40066,61728,93247.0,154360
1984,12,105.3,0.0,,11.5,,15336,4040693,176383,59.5,7.5,21408,40066,61728,93247.0,154360
1984,12,105.3,0.0,,11.5,,15336,4040693,176383,59.5,7.5,21408,40066,61728,93247.0,154360
1985,1,105.5,0.19,,11.38,8.35,18952,4346734,178206,60.1,7.2,21658,40749,63126,94941.0,156871
1985,1,105.5,0.19,,11.38,,18952,4346734,178206,60.1,7.2,21658,40749,63126,94941.0,156871
1985,2,106.0,0.47,,11.51,8.5,18952,4346734,178206,60.1,7.2,21658,40749,63126,94941.0,156871
1985,2,106.0,0.47,,11.51,,18952,4346734,178206,60.1,7.2,21658,40749,63126,94941.0,156871
1985,3,106.4,0.38,,11.86,8.58,18952,4346734,178206,60.1,7.2,21658,40749,63126,94941.0,156871
1985,3,106.4,0.38,,11.86,,18952,4346734,178206,60.1,7.2,21658,40749,63126,94941.0,156871
1985,4,106.9,0.47,,11.43,8.27,18952,4346734,178206,60.1,7.2,21658,40749,63126,94941.0,156871
1985,4,106.9,0.47,,11.43,,18952,4346734,178206,60.1,7.2,21658,40749,63126,94941.0,156871
1985,5,107.3,0.37,,10.85,7.97,18952,4346734,178206,60.1,7.2,21658,40749,63126,94941.0,156871
1985,5,107.3,0.37,,10.85,,18952,4346734,178206,60.1,7.2,21658,40749,63126,94941.0,156871
1985,6,107.6,0.28,,10.16,7.53,18952,4346734,178206,60.1,7.2,21658,40749,63126,94941.0,156871
1985,7,107.8,0.19,,10.31,7.88,18952,4346734,178206,60.1,7.2,21658,40749,63126,94941.0,156871
1985,7,107.8,0.19,,10.31,,18952,4346734,178206,60.1,7.2,21658,40749,63126,94941.0,156871
1985,8,108.0,0.19,,10.33,7.9,18952,4346734,178206,60.1,7.2,21658,40749,63126,94941.0,156871
1985,8,108.0,0.19,,10.33,,18952,4346734,178206,60.1,7.2,21658,40749,63126,94941.0,156871
1985,9,108.3,0.28,,10.37,7.92,18952,4346734,178206,60.1,7.2,21658,40749,63126,94941.0,156871
1985,9,108.3,0.28,,10.37,,18952,4346734,178206,60.1,7.2,21658,40749,63126,94941.0,156871
1985,10,108.7,0.37,,10.24,7.99,18952,4346734,178206,60.1,7.2,21658,40749,63126,94941.0,156871
1985,11,109.0,0.28,,9.78,8.05,18952,4346734,178206,60.1,7.2,21658,40749,63126,94941.0,156871
1985,12,109.3,0.28,,9.26,8.27,18952,4346734,178206,60.1,7.2,21658,40749,63126,94941.0,156871
1985,12,109.3,0.28,,9.26,,18952,4346734,178206,60.1,7.2,21658,40749,63126,94941.0,156871
1986,1,109.6,0.27,,9.19,8.14,17750,4590155,180587,60.7,7.0,21940,41967,65132,98455.0,165096
1986,2,109.3,-0.27,,8.7,7.86,17750,4590155,180587,60.7,7.0,21940,41967,65132,98455.0,165096
1986,3,108.8,-0.46,,7.78,7.48,17750,4590155,180587,60.7,7.0,21940,41967,65132,98455.0,165096
1986,3,108.8,-0.46,,7.78,,17750,4590155,180587,60.7,7.0,21940,41967,65132,98455.0,165096
1986,4,108.6,-0.18,,7.3,6.99,17750,4590155,180587,60.7,7.0,21940,41967,65132,98455.0,165096
1986,4,108.6,-0.18,,7.3,,17750,4590155,180587,60.7,7.0,21940,41967,65132,98455.0,165096
1986,4,108.6,-0.18,,7.3,,17750,4590155,180587,60.7,7.0,21940,41967,65132,98455.0,165096
1986,5,108.9,0.28,,7.71,6.85,17750,4590155,180587,60.7,7.0,21940,41967,65132,98455.0,165096
1986,5,108.9,0.28,,7.71,,17750,4590155,180587,60.7,7.0,21940,41967,65132,98455.0,165096
1986,6,109.5,0.55,,7.8,6.92,17750,4590155,180587,60.7,7.0,21940,41967,65132,98455.0,165096
1986,6,109.5,0.55,,7.8,,17750,4590155,180587,60.7,7.0,21940,41967,65132,98455.0,165096
1986,7,109.5,0.0,,7.3,6.56,17750,4590155,180587,60.7,7.0,21940,41967,65132,98455.0,165096
1986,7,109.5,0.0,,7.3,,17750,4590155,180587,60.7,7.0,21940,41967,65132,98455.0,165096
1986,8,109.7,0.18,,7.17,6.17,17750,4590155,180587,60.7,7.0,21940,41967,65132,98455.0,165096
1986,8,109.7,0.18,,7.17,,17750,4590155,180587,60.7,7.0,21940,41967,65132,98455.0,165096
1986,9,110.2,0.46,,7.45,5.89,17750,4590155,180587,60.7,7.0,21940,41967,65132,98455.0,165096
1986,10,110.3,0.09,,7.43,5.85,17750,4590155,180587,60.7,7.0,21940,41967,65132,98455.0,165096
1986,11,110.4,0.09,,7.25,6.04,17750,4590155,180587,60.7,7.0,21940,41967,65132,98455.0,165096
1986,12,110.5,0.09,,7.11,6.91,17750,4590155,180587,60.7,7.0,21940,41967,65132,98455.0,165096
1987,1,111.2,0.63,60.60375,7.08,6.43,19475,4870217,182753,61.5,6.2,22356,42434,66239,100109.0,167517
1987,1,111.2,0.63,60.60375,7.08,,19475,4870217,182753,61.5,6.2,22356,42434,66239,100109.0,167517
1987,2,111.6,0.36,61.016875,7.25,6.1,19475,4870217,182753,61.5,6.2,22356,42434,66239,100109.0,167517
1987,3,112.1,0.45,61.31125,7.25,6.13,19475,4870217,182753,61.5,6.2,22356,42434,66239,100109.0,167517
1987,4,112.7,0.54,61.74625,8.02,6.37,19475,4870217,182753,61.5,6.2,22356,42434,66239,100109.0,167517
1987,4,112.7,0.54,61.74625,8.02,,19475,4870217,182753,61.5,6.2,22356,42434,66239,100109.0,167517
1987,5,113.1,0.35,62.3625,8.61,6.85,19475,4870217,182753,61.5,6.2,22356,42434,66239,100109.0,167517
1987,5,113.1,0.35,62.3625,8.61,,19475,4870217,182753,61.5,6.2,22356,42434,66239,100109.0,167517
1987,6,113.5,0.35,62.9125,8.4,6.73,19475,4870217,182753,61.5,6.2,22356,42434,66239,100109.0,167517
1987,7,113.8,0.26,63.451875,8.45,6.58,19475,4870217,182753,61.5,6.2,22356,42434,66239,100109.0,167517
1987,7,113.8,0.26,63.451875,8.45,,19475,4870217,182753,61.5,6.2,22356,42434,66239,100109.0,167517
1987,8,114.4,0.53,63.90125,8.76,6.73,19475,4870217,182753,61.5,6.2,22356,42434,66239,100109.0,167517
1987,8,114.4,0.53,63.90125,8.76,,19475,4870217,182753,61.5,6.2,22356,42434,66239,100109.0,167517
1987,9,115.0,0.52,64.386875,9.42,7.22,19475,4870217,182753,61.5,6.2,22356,42434,66239,100109.0,167517
1987,9,115.0,0.52,64.386875,9.42,,19475,4870217,182753,61.5,6.2,22356,42434,66239,100109.0,167517
1987,9,115.0,0.52,64.386875,9.42,,19475,4870217,182753,61.5,6.2,22356,42434,66239,100109.0,167517
1987,9,115.0,0.52,64.386875,9.42,,19475,4870217,182753,61.5,6.2,22356,42434,66239,100109.0,167517
1987,10,115.3,0.26,64.75,9.52,7.29,19475,4870217,182753,61.5,6.2,22356,42434,66239,100109.0,167517
1987,11,115.4,0.09,64.990625,8.86,6.69,19475,4870217,182753,61.5,6.2,22356,42434,66239,100109.0,167517
1987,11,115.4,0.09,64.990625,8.86,,19475,4870217,182753,61.5,6.2,22356,42434,66239,100109.0,167517
1987,12,115.4,0.0,65.2075,8.99,6.77,19475,4870217,182753,61.5,6.2,22356,42434,66239,100109.0,167517
1988,1,115.7,0.26,65.391875,8.67,6.83,20098,5252629,184613,62.3,5.5,22739,42952,66938,101074.0,171090
1988,1,115.7,0.26,65.391875,8.67,,20098,5252629,184613,62.3,5.5,22739,42952,66938,101074.0,171090
1988,2,116.0,0.26,65.5525,8.21,6.58,20098,5252629,184613,62.3,5.5,22739,42952,66938,101074.0,171090
1988,2,116.0,0.26,65.5525,8.21,,20098,5252629,184613,62.3,5.5,22739,42952,66938,101074.0,171090
1988,3,116.5,0.43,65.97125,8.37,6.58,20098,5252629,184613,62.3,5.5,22739,42952,66938,101074.0,171090
1988,3,116.5,0.43,65.97125,8.37,,20098,5252629,184613,62.3,5.5,22739,42952,66938,101074.0,171090
1988,4,117.1,0.52,66.40875,8.72,6.87,20098,5252629,184613,62.3,5.5,22739,42952,66938,101074.0,171090
1988,5,117.5,0.34,67.014375,9.09,7.09,20098,5252629,184613,62.3,5.5,22739,42952,66938,101074.0,171090
1988,5,117.5,0.34,67.014375,9.09,,20098,5252629,184613,62.3,5.5,22739,42952,66938,101074.0,171090
1988,5,117.5,0.34,67.014375,9.09,,20098,5252629,184613,62.3,5.5,22739,42952,66938,101074.0,171090
1988,6,118.0,0.43,67.76625,8.92,7.51,20098,5252629,184613,62.3,5.5,22739,42952,66938,101074.0,171090
1988,6,118.0,0.43,67.76625,8.92,,20098,5252629,184613,62.3,5.5,22739,42952,66938,101074.0,171090
1988,7,118.5,0.42,68.630625,9.06,7.75,20098,5252629,184613,62.3,5.5,22739,42952,66938,101074.0,171090
1988,7,118.5,0.42,68.630625,9.06,,20098,5252629,184613,62.3,5.5,22739,42952,66938,101074.0,171090
1988,8,119.0,0.42,69.35875,9.26,8.01,20098,5252629,184613,62.3,5.5,22739,42952,66938,101074.0,171090
1988,8,119.0,0.42,69.35875,9.26,,20098,5252629,184613,62.3,5.5,22739,42952,66938,101074.0,171090
1988,8,119.0,0.42,69.35875,9.26,,20098,5252629,184613,62.3,5.5,22739,42952,66938,101074.0,171090
1988,9,119.8,0.67,69.841875,8.98,8.19,20098,5252629,184613,62.3,5.5,22739,42952,66938,101074.0,171090
1988,10,120.2,0.33,70.208125,8.8,8.3,20098,5252629,184613,62.3,5.5,22739,42952,66938,101074.0,171090
1988,11,120.3,0.08,70.34,8.96,8.35,20098,5252629,184613,62.3,5.5,22739,42952,66938,101074.0,171090
1988,11,120.3,0.08,70.34,8.96,,20098,5252629,184613,62.3,5.5,22739,42952,66938,101074.0,171090
1988,11,120.3,0.08,70.34,8.96,,20098,5252629,184613,62.3,5.5,22739,42952,66938,101074.0,171090
1988,12,120.5,0.17,70.544375,9.11,8.76,20098,5252629,184613,62.3,5.5,22739,42952,66938,101074.0,171090
1988,12,120.5,0.17,70.544375,9.11,,20098,5252629,184613,62.3,5.5,22739,42952,66938,101074.0,171090
1989,1,121.1,0.5,70.22777778,9.09,9.12,22819,5657693,186393,63.0,5.3,23153,44024,67664,102807.0,175619
1989,1,121.1,0.5,70.22777778,9.09,,22819,5657693,186393,63.0,5.3,23153,44024,67664,102807.0,175619
1989,2,121.6,0.41,70.57666667,9.17,9.36,22819,5657693,186393,63.0,5.3,23153,44024,67664,102807.0,175619
1989,2,121.6,0.41,70.57666667,9.17,,22819,5657693,186393,63.0,5.3,23153,44024,67664,102807.0,175619
1989,2,121.6,0.41,70.57666667,9.17,,22819,5657693,186393,63.0,5.3,23153,44024,67664,102807.0,175619
1989,2,121.6,0.41,70.57666667,9.17,,22819,5657693,186393,63.0,5.3,23153,44024,67664,102807.0,175619
1989,3,122.3,0.58,71.15055556,9.36,9.85,22819,5657693,186393,63.0,5.3,23153,44024,67664,102807.0,175619
1989,4,123.1,0.65,71.65277778,9.18,9.84,22819,5657693,186393,63.0,5.3,23153,44024,67664,102807.0,175619
1989,5,123.8,0.57,72.18166667,8.86,9.81,22819,5657693,186393,63.0,5.3,23153,44024,67664,102807.0,175619
1989,5,123.8,0.57,72.18166667,8.86,,22819,5657693,186393,63.0,5.3,23153,44024,67664,102807.0,175619
1989,6,124.1,0.24,72.77722222,8.28,9.53,22819,5657693,186393,63.0,5.3,23153,44024,67664,102807.0,175619
1989,6,124.1,0.24,72.77722222,8.28,,22819,5657693,186393,63.0,5.3,23153,44024,67664,102807.0,175619
1989,7,124.4,0.24,73.13388889,8.02,9.24,22819,5657693,186393,63.0,5.3,23153,44024,67664,102807.0,175619
1989,7,124.4,0.24,73.13388889,8.02,,22819,5657693,186393,63.0,5.3,23153,44024,67664,102807.0,175619
1989,7,124.4,0.24,73.13388889,8.02,,22819,5657693,186393,63.0,5.3,23153,44024,67664,102807.0,175619
1989,8,124.6,0.16,73.49777778,8.11,8.99,22819,5657693,186393,63.0,5.3,23153,44024,67664,102807.0,175619
1989,9,125.0,0.32,73.71,8.19,9.02,22819,5657693,186393,63.0,5.3,23153,44024,67664,102807.0,175619
1989,10,125.6,0.48,73.90388889,8.01,8.84,22819,5657693,186393,63.0,5.3,23153,44024,67664,102807.0,175619
1989,10,125.6,0.48,73.90388889,8.01,,22819,5657693,186393,63.0,5.3,23153,44024,67664,102807.0,175619
1989,11,125.9,0.24,73.95055556,7.87,8.55,22819,5657693,186393,63.0,5.3,23153,44024,67664,102807.0,175619
1989,11,125.9,0.24,73.95055556,7.87,,22819,5657693,186393,63.0,5.3,23153,44024,67664,102807.0,175619
1989,12,126.1,0.16,73.99333333,7.84,8.45,22819,5657693,186393,63.0,5.3,23153,44024,67664,102807.0,175619
1989,12,126.1,0.16,73.99333333,7.84,,22819,5657693,186393,63.0,5.3,23153,44024,67664,102807.0,175619
1990,1,127.4,1.03,73.22368421,8.21,8.23,24549,5979589,189164,62.8,5.6,22802,43163,66034,100702.0,172835
1990,2,128.0,0.47,73.34526316,8.47,8.24,24549,5979589,189164,62.8,5.6,22802,43163,66034,100702.0,172835
1990,3,128.7,0.55,73.56473684,8.59,8.28,24549,5979589,189164,62.8,5.6,22802,43163,66034,100702.0,172835
1990,4,128.9,0.16,73.97263158,8.79,8.26,24549,5979589,189164,62.8,5.6,22802,43163,66034,100702.0,172835
1990,5,129.2,0.23,74.24894737,8.76,8.18,24549,5979589,189164,62.8,5.6,22802,43163,66034,100702.0,172835
1990,6,129.9,0.54,74.63789474,8.48,8.29,24549,5979589,189164,62.8,5.6,22802,43163,66034,100702.0,172835
1990,7,130.4,0.38,74.80421053,8.47,8.15,24549,5979589,189164,62.8,5.6,22802,43163,66034,100702.0,172835
1990,7,130.4,0.38,74.80421053,8.47,,24549,5979589,189164,62.8,5.6,22802,43163,66034,100702.0,172835
1990,8,131.6,0.92,74.88315789,8.75,8.13,24549,5979589,189164,62.8,5.6,22802,43163,66034,100702.0,172835
1990,9,132.7,0.84,74.71526316,8.89,8.2,24549,5979589,189164,62.8,5.6,22802,43163,66034,100702.0,172835
1990,10,133.5,0.6,74.43894737,8.72,8.11,24549,5979589,189164,62.8,5.6,22802,43163,66034,100702.0,172835
1990,10,133.5,0.6,74.43894737,8.72,,24549,5979589,189164,62.8,5.6,22802,43163,66034,100702.0,172835
1990,11,133.8,0.22,73.93789474,8.39,7.81,24549,5979589,189164,62.8,5.6,22802,43163,66034,100702.0,172835
1990,11,133.8,0.22,73.93789474,8.39,,24549,5979589,189164,62.8,5.6,22802,43163,66034,100702.0,172835
1990,12,133.8,0.0,73.48473684,8.08,7.31,24549,5979589,189164,62.8,5.6,22802,43163,66034,100702.0,172835
1990,12,133.8,0.0,73.48473684,8.08,,24549,5979589,189164,62.8,5.6,22802,43163,66034,100702.0,172835
1990,12,133.8,0.0,73.48473684,8.08,,24549,5979589,189164,62.8,5.6,22802,43163,66034,100702.0,172835
1991,1,134.6,0.6,72.09619048,8.09,6.91,27360,6174043,190925,61.7,6.8,22162,42243,65248,99902.0,169675
1991,1,134.6,0.6,72.09619048,8.09,,27360,6174043,190925,61.7,6.8,22162,42243,65248,99902.0,169675
1991,2,134.8,0.15,71.72333333,7.85,6.25,27360,6174043,190925,61.7,6.8,22162,42243,65248,99902.0,169675
1991,3,135.0,0.15,71.39761905,8.11,6.12,27360,6174043,190925,61.7,6.8,22162,42243,65248,99902.0,169675
1991,3,135.0,0.15,71.39761905,8.11,,27360,6174043,190925,61.7,6.8,22162,42243,65248,99902.0,169675
1991,4,135.2,0.15,71.51095238,8.04,5.91,27360,6174043,190925,61.7,6.8,22162,42243,65248,99902.0,169675
1991,4,135.2,0.15,71.51095238,8.04,,27360,6174043,190925,61.7,6.8,22162,42243,65248,99902.0,169675
1991,5,135.6,0.3,71.92952381,8.07,5.78,27360,6174043,190925,61.7,6.8,22162,42243,65248,99902.0,169675
1991,6,136.0,0.29,72.45904762,8.28,5.9,27360,6174043,190925,61.7,6.8,22162,42243,65248,99902.0,169675
1991,7,136.2,0.15,72.90619048,8.27,5.82,27360,6174043,190925,61.7,6.8,22162,42243,65248,99902.0,169675
1991,8,136.6,0.29,73.18095238,7.9,5.66,27360,6174043,190925,61.7,6.8,22162,42243,65248,99902.0,169675
1991,8,136.6,0.29,73.18095238,7.9,,27360,6174043,190925,61.7,6.8,22162,42243,65248,99902.0,169675
1991,9,137.2,0.44,73.19809524,7.65,5.45,27360,6174043,190925,61.7,6.8,22162,42243,65248,99902.0,169675
1991,9,137.2,0.44,73.19809524,7.65,,27360,6174043,190925,61.7,6.8,22162,42243,65248,99902.0,169675
1991,10,137.4,0.15,73.00142857,7.53,5.21,27360,6174043,190925,61.7,6.8,22162,42243,65248,99902.0,169675
1991,10,137.4,0.15,73.00142857,7.53,,27360,6174043,190925,61.7,6.8,22162,42243,65248,99902.0,169675
1991,11,137.8,0.29,72.74142857,7.42,4.81,27360,6174043,190925,61.7,6.8,22162,42243,65248,99902.0,169675
1991,11,137.8,0.29,72.74142857,7.42,,27360,6174043,190925,61.7,6.8,22162,42243,65248,99902.0,169675
1991,12,137.9,0.07,72.61952381,7.09,4.43,27360,6174043,190925,61.7,6.8,22162,42243,65248,99902.0,169675
1991,12,137.9,0.07,72.61952381,7.09,,27360,6174043,190925,61.7,6.8,22162,42243,65248,99902.0,169675
1991,12,137.9,0.07,72.61952381,7.09,,27360,6174043,190925,61.7,6.8,22162,42243,65248,99902.0,169675
1992,1,138.1,0.15,72.49904762,7.03,4.03,28685,6539299,192805,61.5,7.5,21639,41458,65090,99622.0,170058
1992,2,138.6,0.36,72.37952381,7.34,4.06,28685,6539299,192805,61.5,7.5,21639,41458,65090,99622.0,170058
1992,3,139.3,0.51,72.43619048,7.54,3.98,28685,6539299,192805,61.5,7.5,21639,41458,65090,99622.0,170058
1992,4,139.5,0.14,72.64238095,7.48,3.73,28685,6539299,192805,61.5,7.5,21639,41458,65090,99622.0,170058
1992,4,139.5,0.14,72.64238095,7.48,,28685,6539299,192805,61.5,7.5,21639,41458,65090,99622.0,170058
1992,5,139.7,0.14,72.9947619,7.39,3.82,28685,6539299,192805,61.5,7.5,21639,41458,65090,99622.0,170058
1992,6,140.2,0.36,73.27428571,7.26,3.76,28685,6539299,192805,61.5,7.5,21639,41458,65090,99622.0,170058
1992,7,140.5,0.21,73.33095238,6.84,3.25,28685,6539299,192805,61.5,7.5,21639,41458,65090,99622.0,170058
1992,7,140.5,0.21,73.33095238,6.84,,28685,6539299,192805,61.5,7.5,21639,41458,65090,99622.0,170058
1992,8,140.9,0.28,73.42857143,6.59,3.3,28685,6539299,192805,61.5,7.5,21639,41458,65090,99622.0,170058
1992,9,141.3,0.28,73.38,6.42,3.22,28685,6539299,192805,61.5,7.5,21639,41458,65090,99622.0,170058
1992,9,141.3,0.28,73.38,6.42,,28685,6539299,192805,61.5,7.5,21639,41458,65090,99622.0,170058
1992,10,141.8,0.35,73.4152381,6.59,3.1,28685,6539299,192805,61.5,7.5,21639,41458,65090,99622.0,170058
1992,11,142.0,0.14,73.34,6.87,3.09,28685,6539299,192805,61.5,7.5,21639,41458,65090,99622.0,170058
1992,12,141.9,-0.07,73.13285714,6.77,2.92,28685,6539299,192805,61.5,7.5,21639,41458,65090,99622.0,170058
1993,1,142.6,0.49,73.09761905,6.6,3.02,31324,6878718,194838,61.7,6.9,21722,41342,64985,101013.0,175289
1993,2,143.1,0.35,72.98476190000001,6.26,3.03,31324,6878718,194838,61.7,6.9,21722,41342,64985,101013.0,175289
1993,3,143.6,0.35,73.02,5.98,3.07,31324,6878718,194838,61.7,6.9,21722,41342,64985,101013.0,175289
1993,4,144.0,0.28,73.16285714,5.97,2.96,31324,6878718,194838,61.7,6.9,21722,41342,64985,101013.0,175289
1993,5,144.2,0.14,73.48571429,6.04,3.0,31324,6878718,194838,61.7,6.9,21722,41342,64985,101013.0,175289
1993,6,144.4,0.14,73.89619048,5.96,3.04,31324,6878718,194838,61.7,6.9,21722,41342,64985,101013.0,175289
1993,7,144.4,0.0,74.17095238,5.81,3.06,31324,6878718,194838,61.7,6.9,21722,41342,64985,101013.0,175289
1993,8,144.8,0.28,74.39238095,5.68,3.03,31324,6878718,194838,61.7,6.9,21722,41342,64985,101013.0,175289
1993,9,145.1,0.21,74.58809524,5.36,3.09,31324,6878718,194838,61.7,6.9,21722,41342,64985,101013.0,175289
1993,10,145.7,0.41,74.64333333,5.33,2.99,31324,6878718,194838,61.7,6.9,21722,41342,64985,101013.0,175289
1993,11,145.8,0.07,74.71476190000001,5.72,3.02,31324,6878718,194838,61.7,6.9,21722,41342,64985,101013.0,175289
1993,12,145.8,0.0,74.65571429,5.77,2.96,31324,6878718,194838,61.7,6.9,21722,41342,64985,101013.0,175289
1994,1,146.2,0.27,74.82523809999999,5.75,3.05,26881,7308755,196814,62.5,6.1,22031,41351,65800,103116.0,180206
1994,2,146.7,0.34,74.89952381,5.97,3.25,26881,7308755,196814,62.5,6.1,22031,41351,65800,103116.0,180206
1994,2,146.7,0.34,74.89952381,5.97,,26881,7308755,196814,62.5,6.1,22031,41351,65800,103116.0,180206
1994,3,147.2,0.34,75.18380952,6.48,3.34,26881,7308755,196814,62.5,6.1,22031,41351,65800,103116.0,180206
1994,3,147.2,0.34,75.18380952,6.48,,26881,7308755,196814,62.5,6.1,22031,41351,65800,103116.0,180206
1994,4,147.4,0.14,75.53047619,6.97,3.56,26881,7308755,196814,62.5,6.1,22031,41351,65800,103116.0,180206
1994,4,147.4,0.14,75.53047619,6.97,,26881,7308755,196814,62.5,6.1,22031,41351,65800,103116.0,180206
1994,5,147.5,0.07,76.07047619,7.18,4.01,26881,7308755,196814,62.5,6.1,22031,41351,65800,103116.0,180206
1994,5,147.5,0.07,76.07047619,7.18,,26881,7308755,196814,62.5,6.1,22031,41351,65800,103116.0,180206
1994,6,148.0,0.34,76.5552381,7.1,4.25,26881,7308755,196814,62.5,6.1,22031,41351,65800,103116.0,180206
1994,7,148.4,0.27,76.95714286,7.3,4.26,26881,7308755,196814,62.5,6.1,22031,41351,65800,103116.0,180206
1994,8,149.0,0.4,77.22428571,7.24,4.47,26881,7308755,196814,62.5,6.1,22031,41351,65800,103116.0,180206
1994,8,149.0,0.4,77.22428571,7.24,,26881,7308755,196814,62.5,6.1,22031,41351,65800,103116.0,180206
1994,9,149.4,0.27,77.29142857,7.46,4.73,26881,7308755,196814,62.5,6.1,22031,41351,65800,103116.0,180206
1994,10,149.5,0.07,77.32714286,7.74,4.76,26881,7308755,196814,62.5,6.1,22031,41351,65800,103116.0,180206
1994,11,149.7,0.13,77.27190476,7.96,5.29,26881,7308755,196814,62.5,6.1,22031,41351,65800,103116.0,180206
1994,11,149.7,0.13,77.27190476,7.96,,26881,7308755,196814,62.5,6.1,22031,41351,65800,103116.0,180206
1994,12,149.7,0.0,77.22857143,7.81,5.45,26881,7308755,196814,62.5,6.1,22031,41351,65800,103116.0,180206
1995,1,150.3,0.4,77.27571429,7.78,5.53,32245,7664060,198584,62.9,5.6,23073,43125,67300,104349.0,181061
1995,2,150.9,0.4,77.33238095,7.47,5.92,32245,7664060,198584,62.9,5.6,23073,43125,67300,104349.0,181061
1995,3,151.4,0.33,77.37666667,7.2,5.98,32245,7664060,198584,62.9,5.6,23073,43125,67300,104349.0,181061
1995,4,151.9,0.33,77.53142857,7.06,6.05,32245,7664060,198584,62.9,5.6,23073,43125,67300,104349.0,181061
1995,5,152.2,0.2,77.84142857,6.63,6.01,32245,7664060,198584,62.9,5.6,23073,43125,67300,104349.0,181061
1995,6,152.5,0.2,78.26904762,6.17,6.0,32245,7664060,198584,62.9,5.6,23073,43125,67300,104349.0,181061
1995,7,152.5,0.0,78.63761905,6.28,5.85,32245,7664060,198584,62.9,5.6,23073,43125,67300,104349.0,181061
1995,7,152.5,0.0,78.63761905,6.28,,32245,7664060,198584,62.9,5.6,23073,43125,67300,104349.0,181061
1995,8,152.9,0.26,79.01761905,6.49,5.74,32245,7664060,198584,62.9,5.6,23073,43125,67300,104349.0,181061
1995,9,153.2,0.2,79.15904762,6.2,5.8,32245,7664060,198584,62.9,5.6,23073,43125,67300,104349.0,181061
1995,10,153.7,0.33,79.17142857,6.04,5.76,32245,7664060,198584,62.9,5.6,23073,43125,67300,104349.0,181061
1995,11,153.6,-0.07,79.06904762,5.93,5.8,32245,7664060,198584,62.9,5.6,23073,43125,67300,104349.0,181061
1995,12,153.5,-0.07,79.00095238,5.71,5.6,32245,7664060,198584,62.9,5.6,23073,43125,67300,104349.0,181061
1995,12,153.5,-0.07,79.00095238,5.71,,32245,7664060,198584,62.9,5.6,23073,43125,67300,104349.0,181061
1996,1,154.4,0.59,78.96952381,5.65,5.56,29097,8100201,200591,63.2,5.4,23049,43326,68682,106154.0,186571
1996,1,154.4,0.59,78.96952381,5.65,,29097,8100201,200591,63.2,5.4,23049,43326,68682,106154.0,186571
1996,2,154.9,0.32,79.04285714,5.81,5.22,29097,8100201,200591,63.2,5.4,23049,43326,68682,106154.0,186571
1996,3,155.7,0.52,79.30571429,6.27,5.31,29097,8100201,200591,63.2,5.4,23049,43326,68682,106154.0,186571
1996,4,156.3,0.39,79.82333333,6.51,5.22,29097,8100201,200591,63.2,5.4,23049,43326,68682,106154.0,186571
1996,5,156.6,0.19,80.30142857,6.74,5.24,29097,8100201,200591,63.2,5.4,23049,43326,68682,106154.0,186571
1996,6,156.7,0.06,80.73761905,6.91,5.27,29097,8100201,200591,63.2,5.4,23049,43326,68682,106154.0,186571
1996,7,157.0,0.19,81.04476190000001,6.87,5.4,29097,8100201,200591,63.2,5.4,23049,43326,68682,106154.0,186571
1996,8,157.3,0.19,81.30047619,6.64,5.22,29097,8100201,200591,63.2,5.4,23049,43326,68682,106154.0,186571
1996,9,157.8,0.32,81.39571429,6.83,5.3,29097,8100201,200591,63.2,5.4,23049,43326,68682,106154.0,186571
1996,10,158.3,0.32,81.51857143,6.53,5.24,29097,8100201,200591,63.2,5.4,23049,43326,68682,106154.0,186571
1996,11,158.6,0.19,81.56047619,6.2,5.31,29097,8100201,200591,63.2,5.4,23049,43326,68682,106154.0,186571
1996,12,158.6,0.0,81.58095238,6.3,5.29,29097,8100201,200591,63.2,5.4,23049,43326,68682,106154.0,186571
1997,1,159.1,0.32,81.61380952,6.58,5.25,33519,8608515,203133,63.8,4.9,23527,44609,70275,109232.0,193333
1997,2,159.6,0.31,81.71095238,6.42,5.19,33519,8608515,203133,63.8,4.9,23527,44609,70275,109232.0,193333
1997,3,160.0,0.25,82.09952381,6.69,5.39,33519,8608515,203133,63.8,4.9,23527,44609,70275,109232.0,193333
1997,3,160.0,0.25,82.09952381,6.69,,33519,8608515,203133,63.8,4.9,23527,44609,70275,109232.0,193333
1997,4,160.2,0.12,82.59523809999999,6.89,5.51,33519,8608515,203133,63.8,4.9,23527,44609,70275,109232.0,193333
1997,5,160.1,-0.06,83.20333333,6.71,5.5,33519,8608515,203133,63.8,4.9,23527,44609,70275,109232.0,193333
1997,6,160.3,0.12,83.76142857,6.49,5.56,33519,8608515,203133,63.8,4.9,23527,44609,70275,109232.0,193333
1997,7,160.5,0.12,84.31142857,6.22,5.52,33519,8608515,203133,63.8,4.9,23527,44609,70275,109232.0,193333
1997,8,160.8,0.19,84.67761905,6.3,5.54,33519,8608515,203133,63.8,4.9,23527,44609,70275,109232.0,193333
1997,9,161.2,0.25,84.90571429,6.21,5.54,33519,8608515,203133,63.8,4.9,23527,44609,70275,109232.0,193333
1997,10,161.6,0.25,85.12333333,6.03,5.5,33519,8608515,203133,63.8,4.9,23527,44609,70275,109232.0,193333
1997,11,161.5,-0.06,85.32666667,5.88,5.52,33519,8608515,203133,63.8,4.9,23527,44609,70275,109232.0,193333
1997,12,161.3,-0.12,85.58,5.81,5.5,33519,8608515,203133,63.8,4.9,23527,44609,70275,109232.0,193333
1998,1,161.6,0.19,85.84190476,5.54,5.56,35298,9089168,205220,64.1,4.5,24292,45834,72859,113048.0,199264
1998,2,161.9,0.19,86.16380952,5.57,5.51,35298,9089168,205220,64.1,4.5,24292,45834,72859,113048.0,199264
1998,3,162.2,0.19,86.72952381,5.65,5.49,35298,9089168,205220,64.1,4.5,24292,45834,72859,113048.0,199264
1998,4,162.5,0.18,87.46190476,5.64,5.45,35298,9089168,205220,64.1,4.5,24292,45834,72859,113048.0,199264
1998,5,162.8,0.18,88.30428571,5.65,5.49,35298,9089168,205220,64.1,4.5,24292,45834,72859,113048.0,199264
1998,6,163.0,0.12,89.23904762,5.5,5.56,35298,9089168,205220,64.1,4.5,24292,45834,72859,113048.0,199264
1998,7,163.2,0.12,90.00333333,5.46,5.54,35298,9089168,205220,64.1,4.5,24292,45834,72859,113048.0,199264
1998,8,163.4,0.12,90.59190476,5.34,5.55,35298,9089168,205220,64.1,4.5,24292,45834,72859,113048.0,199264
1998,9,163.6,0.12,91.02,4.81,5.51,35298,9089168,205220,64.1,4.5,24292,45834,72859,113048.0,199264
1998,9,163.6,0.12,91.02,4.81,,35298,9089168,205220,64.1,4.5,24292,45834,72859,113048.0,199264
1998,10,164.0,0.24,91.28285714,4.53,5.07,35298,9089168,205220,64.1,4.5,24292,45834,72859,113048.0,199264
1998,10,164.0,0.24,91.28285714,4.53,,35298,9089168,205220,64.1,4.5,24292,45834,72859,113048.0,199264
1998,11,164.0,0.0,91.46190476,4.83,4.83,35298,9089168,205220,64.1,4.5,24292,45834,72859,113048.0,199264
1998,11,164.0,0.0,91.46190476,4.83,,35298,9089168,205220,64.1,4.5,24292,45834,72859,113048.0,199264
1998,12,163.9,-0.06,91.65523809999999,4.65,4.68,35298,9089168,205220,64.1,4.5,24292,45834,72859,113048.0,199264
1999,1,164.3,0.24,92.00857143,4.72,4.63,33643,9660624,207753,64.3,4.2,25291,47110,74361,116937.0,209575
1999,2,164.5,0.12,92.40095238,5.0,4.76,33643,9660624,207753,64.3,4.2,25291,47110,74361,116937.0,209575
1999,3,165.0,0.3,93.08761905,5.23,4.81,33643,9660624,207753,64.3,4.2,25291,47110,74361,116937.0,209575
1999,4,166.2,0.73,94.06047619,5.18,4.74,33643,9660624,207753,64.3,4.2,25291,47110,74361,116937.0,209575
1999,5,166.2,0.0,95.02904762,5.54,4.74,33643,9660624,207753,64.3,4.2,25291,47110,74361,116937.0,209575
1999,6,166.2,0.0,96.07333333,5.9,4.76,33643,9660624,207753,64.3,4.2,25291,47110,74361,116937.0,209575
1999,6,166.2,0.0,96.07333333,5.9,,33643,9660624,207753,64.3,4.2,25291,47110,74361,116937.0,209575
1999,7,166.7,0.3,96.95857143,5.79,4.99,33643,9660624,207753,64.3,4.2,25291,47110,74361,116937.0,209575
1999,8,167.1,0.24,97.70714286,5.94,5.07,33643,9660624,207753,64.3,4.2,25291,47110,74361,116937.0,209575
1999,8,167.1,0.24,97.70714286,5.94,,33643,9660624,207753,64.3,4.2,25291,47110,74361,116937.0,209575
1999,9,167.9,0.48,98.35,5.92,5.22,33643,9660624,207753,64.3,4.2,25291,47110,74361,116937.0,209575
1999,10,168.2,0.18,98.84428571,6.11,5.2,33643,9660624,207753,64.3,4.2,25291,47110,74361,116937.0,209575
1999,11,168.3,0.06,99.23619048,6.03,5.42,33643,9660624,207753,64.3,4.2,25291,47110,74361,116937.0,209575
1999,11,168.3,0.06,99.23619048,6.03,,33643,9660624,207753,64.3,4.2,25291,47110,74361,116937.0,209575
1999,12,168.3,0.0,99.67380952,6.28,5.3,33643,9660624,207753,64.3,4.2,25291,47110,74361,116937.0,209575
2000,1,168.8,0.3,100.0,6.66,5.45,31816,10284779,212577,64.4,4.0,25580,47106,74475,116716.0,207293
2000,2,169.8,0.59,100.65347829999999,6.52,5.73,31816,10284779,212577,64.4,4.0,25580,47106,74475,116716.0,207293
2000,2,169.8,0.59,100.65347829999999,6.52,,31816,10284779,212577,64.4,4.0,25580,47106,74475,116716.0,207293
2000,3,171.2,0.82,101.656087,6.26,5.85,31816,10284779,212577,64.4,4.0,25580,47106,74475,116716.0,207293
2000,3,171.2,0.82,101.656087,6.26,,31816,10284779,212577,64.4,4.0,25580,47106,74475,116716.0,207293
2000,4,171.3,0.06,103.04521740000001,5.99,6.02,31816,10284779,212577,64.4,4.0,25580,47106,74475,116716.0,207293
2000,5,171.5,0.12,104.483913,6.44,6.27,31816,10284779,212577,64.4,4.0,25580,47106,74475,116716.0,207293
2000,5,171.5,0.12,104.483913,6.44,,31816,10284779,212577,64.4,4.0,25580,47106,74475,116716.0,207293
2000,6,172.4,0.52,105.8121739,6.1,6.53,31816,10284779,212577,64.4,4.0,25580,47106,74475,116716.0,207293
2000,7,172.8,0.23,106.6556522,6.05,6.54,31816,10284779,212577,64.4,4.0,25580,47106,74475,116716.0,207293
2000,8,172.8,0.0,107.38,5.83,6.5,31816,10284779,212577,64.4,4.0,25580,47106,74475,116716.0,207293
2000,9,173.7,0.52,108.00869569999999,5.8,6.52,31816,10284779,212577,64.4,4.0,25580,47106,74475,116716.0,207293
2000,10,174.0,0.17,108.61434779999999,5.74,6.51,31816,10284779,212577,64.4,4.0,25580,47106,74475,116716.0,207293
2000,11,174.1,0.06,109.33652169999999,5.72,6.51,31816,10284779,212577,64.4,4.0,25580,47106,74475,116716.0,207293
2000,12,174.0,-0.06,110.0104348,5.24,6.4,31816,10284779,212577,64.4,4.0,25580,47106,74475,116716.0,207293
2001,1,175.1,0.63,110.65391299999999,5.16,5.98,39734,10621824,215092,63.7,4.7,24941,46237,73560,115892.0,208882
2001,1,175.1,0.63,110.65391299999999,5.16,,39734,10621824,215092,63.7,4.7,24941,46237,73560,115892.0,208882
2001,1,175.1,0.63,110.65391299999999,5.16,,39734,10621824,215092,63.7,4.7,24941,46237,73560,115892.0,208882
2001,2,175.8,0.4,111.2095652,5.1,5.49,39734,10621824,215092,63.7,4.7,24941,46237,73560,115892.0,208882
2001,3,176.2,0.23,112.1452174,4.89,5.31,39734,10621824,215092,63.7,4.7,24941,46237,73560,115892.0,208882
2001,3,176.2,0.23,112.1452174,4.89,,39734,10621824,215092,63.7,4.7,24941,46237,73560,115892.0,208882
2001,4,176.9,0.4,113.26217390000001,5.14,4.8,39734,10621824,215092,63.7,4.7,24941,46237,73560,115892.0,208882
2001,4,176.9,0.4,113.26217390000001,5.14,,39734,10621824,215092,63.7,4.7,24941,46237,73560,115892.0,208882
2001,5,177.7,0.45,114.2478261,5.39,4.21,39734,10621824,215092,63.7,4.7,24941,46237,73560,115892.0,208882
2001,5,177.7,0.45,114.2478261,5.39,,39734,10621824,215092,63.7,4.7,24941,46237,73560,115892.0,208882
2001,6,178.0,0.17,115.30173909999998,5.28,3.97,39734,10621824,215092,63.7,4.7,24941,46237,73560,115892.0,208882
2001,6,178.0,0.17,115.30173909999998,5.28,,39734,10621824,215092,63.7,4.7,24941,46237,73560,115892.0,208882
2001,7,177.5,-0.28,116.18434779999998,5.24,3.77,39734,10621824,215092,63.7,4.7,24941,46237,73560,115892.0,208882
2001,8,177.5,0.0,116.9534783,4.97,3.65,39734,10621824,215092,63.7,4.7,24941,46237,73560,115892.0,208882
2001,8,177.5,0.0,116.9534783,4.97,,39734,10621824,215092,63.7,4.7,24941,46237,73560,115892.0,208882
2001,9,178.3,0.45,117.5578261,4.73,3.07,39734,10621824,215092,63.7,4.7,24941,46237,73560,115892.0,208882
2001,9,178.3,0.45,117.5578261,4.73,,39734,10621824,215092,63.7,4.7,24941,46237,73560,115892.0,208882
2001,10,177.7,-0.34,117.91173909999998,4.57,2.49,39734,10621824,215092,63.7,4.7,24941,46237,73560,115892.0,208882
2001,10,177.7,-0.34,117.91173909999998,4.57,,39734,10621824,215092,63.7,4.7,24941,46237,73560,115892.0,208882
2001,11,177.4,-0.17,118.05826090000002,4.65,2.09,39734,10621824,215092,63.7,4.7,24941,46237,73560,115892.0,208882
2001,11,177.4,-0.17,118.05826090000002,4.65,,39734,10621824,215092,63.7,4.7,24941,46237,73560,115892.0,208882
2001,12,176.7,-0.39,117.99391299999999,5.09,1.82,39734,10621824,215092,63.7,4.7,24941,46237,73560,115892.0,208882
2001,12,176.7,-0.39,117.99391299999999,5.09,,39734,10621824,215092,63.7,4.7,24941,46237,73560,115892.0,208882
2002,1,177.1,0.23,118.11260870000001,5.04,1.73,55838,10977514,217570,62.7,5.8,24480,45606,72640,114799.0,204961
2002,2,177.8,0.4,118.47,4.91,1.74,55838,10977514,217570,62.7,5.8,24480,45606,72640,114799.0,204961
2002,3,178.8,0.56,119.55434779999999,5.28,1.73,55838,10977514,217570,62.7,5.8,24480,45606,72640,114799.0,204961
2002,4,179.8,0.56,120.88739129999999,5.21,1.75,55838,10977514,217570,62.7,5.8,24480,45606,72640,114799.0,204961
2002,5,179.8,0.0,122.51608700000001,5.16,1.75,55838,10977514,217570,62.7,5.8,24480,45606,72640,114799.0,204961
2002,6,179.9,0.06,124.05521740000002,4.93,1.75,55838,10977514,217570,62.7,5.8,24480,45606,72640,114799.0,204961
2002,7,180.1,0.11,125.46739129999999,4.65,1.73,55838,10977514,217570,62.7,5.8,24480,45606,72640,114799.0,204961
2002,8,180.7,0.33,126.59565220000002,4.26,1.74,55838,10977514,217570,62.7,5.8,24480,45606,72640,114799.0,204961
2002,9,181.0,0.17,127.46217390000001,3.87,1.75,55838,10977514,217570,62.7,5.8,24480,45606,72640,114799.0,204961
2002,10,181.3,0.17,128.24869569999998,3.94,1.75,55838,10977514,217570,62.7,5.8,24480,45606,72640,114799.0,204961
2002,11,181.3,0.0,128.8521739,4.05,1.34,55838,10977514,217570,62.7,5.8,24480,45606,72640,114799.0,204961
2002,11,181.3,0.0,128.8521739,4.05,,55838,10977514,217570,62.7,5.8,24480,45606,72640,114799.0,204961
2002,12,180.9,-0.22,129.40478259999998,4.03,1.24,55838,10977514,217570,62.7,5.8,24480,45606,72640,114799.0,204961
2003,1,181.7,0.44,129.7526087,4.05,1.24,63001,11510670,221168,62.3,6.0,24027,45426,72752,116058.0,205912
2003,2,183.1,0.77,130.2195652,3.9,1.26,63001,11510670,221168,62.3,6.0,24027,45426,72752,116058.0,205912
2003,3,184.2,0.6,131.0191304,3.81,1.25,63001,11510670,221168,62.3,6.0,24027,45426,72752,116058.0,205912
2003,4,183.8,-0.22,132.1965217,3.96,1.26,63001,11510670,221168,62.3,6.0,24027,45426,72752,116058.0,205912
2003,5,183.5,-0.16,133.5234783,3.57,1.26,63001,11510670,221168,62.3,6.0,24027,45426,72752,116058.0,205912
2003,6,183.7,0.11,134.72,3.33,1.22,63001,11510670,221168,62.3,6.0,24027,45426,72752,116058.0,205912
2003,6,183.7,0.11,134.72,3.33,,63001,11510670,221168,62.3,6.0,24027,45426,72752,116058.0,205912
2003,7,183.9,0.11,136.0356522,3.98,1.01,63001,11510670,221168,62.3,6.0,24027,45426,72752,116058.0,205912
2003,8,184.6,0.38,137.34956519999997,4.45,1.03,63001,11510670,221168,62.3,6.0,24027,45426,72752,116058.0,205912
2003,9,185.2,0.33,138.7386957,4.27,1.01,63001,11510670,221168,62.3,6.0,24027,45426,72752,116058.0,205912
2003,10,185.0,-0.11,140.0217391,4.29,1.01,63001,11510670,221168,62.3,6.0,24027,45426,72752,116058.0,205912
2003,11,184.5,-0.27,141.0982609,4.3,1.0,63001,11510670,221168,62.3,6.0,24027,45426,72752,116058.0,205912
2003,12,184.3,-0.11,142.05608700000002,4.27,0.98,63001,11510670,221168,62.3,6.0,24027,45426,72752,116058.0,205912
2004,1,185.2,0.49,142.976087,4.15,1.0,67161,12274928,223357,62.3,5.5,24048,45109,71849,114482.0,204439
2004,2,186.2,0.54,144.1178261,4.08,1.01,67161,12274928,223357,62.3,5.5,24048,45109,71849,114482.0,204439
2004,3,187.4,0.64,146.2247826,3.83,1.0,67161,12274928,223357,62.3,5.5,24048,45109,71849,114482.0,204439
2004,4,188.0,0.32,148.9134783,4.35,1.0,67161,12274928,223357,62.3,5.5,24048,45109,71849,114482.0,204439
2004,5,189.1,0.59,151.7434783,4.72,1.0,67161,12274928,223357,62.3,5.5,24048,45109,71849,114482.0,204439
2004,6,189.7,0.32,154.6978261,4.73,1.03,67161,12274928,223357,62.3,5.5,24048,45109,71849,114482.0,204439
2004,6,189.7,0.32,154.6978261,4.73,,67161,12274928,223357,62.3,5.5,24048,45109,71849,114482.0,204439
2004,7,189.4,-0.16,157.083913,4.5,1.26,67161,12274928,223357,62.3,5.5,24048,45109,71849,114482.0,204439
2004,8,189.5,0.05,158.9208696,4.28,1.43,67161,12274928,223357,62.3,5.5,24048,45109,71849,114482.0,204439
2004,8,189.5,0.05,158.9208696,4.28,,67161,12274928,223357,62.3,5.5,24048,45109,71849,114482.0,204439
2004,9,189.9,0.21,160.5208696,4.13,1.61,67161,12274928,223357,62.3,5.5,24048,45109,71849,114482.0,204439
2004,9,189.9,0.21,160.5208696,4.13,,67161,12274928,223357,62.3,5.5,24048,45109,71849,114482.0,204439
2004,10,190.9,0.53,161.86043480000004,4.1,1.76,67161,12274928,223357,62.3,5.5,24048,45109,71849,114482.0,204439
2004,11,191.0,0.05,162.96739130000003,4.19,1.93,67161,12274928,223357,62.3,5.5,24048,45109,71849,114482.0,204439
2004,11,191.0,0.05,162.96739130000003,4.19,,67161,12274928,223357,62.3,5.5,24048,45109,71849,114482.0,204439
2004,12,190.3,-0.37,164.0647826,4.23,2.16,67161,12274928,223357,62.3,5.5,24048,45109,71849,114482.0,204439
2004,12,190.3,-0.37,164.0647826,4.23,,67161,12274928,223357,62.3,5.5,24048,45109,71849,114482.0,204439
2005,1,190.7,0.21,165.36260869999998,4.22,2.28,74476,13093726,226082,62.7,5.1,24131,45298,72552,115390.0,208874
2005,2,191.8,0.58,167.1169565,4.17,2.5,74476,13093726,226082,62.7,5.1,24131,45298,72552,115390.0,208874
2005,2,191.8,0.58,167.1169565,4.17,,74476,13093726,226082,62.7,5.1,24131,45298,72552,115390.0,208874
2005,3,193.3,0.78,169.4356522,4.5,2.63,74476,13093726,226082,62.7,5.1,24131,45298,72552,115390.0,208874
2005,3,193.3,0.78,169.4356522,4.5,,74476,13093726,226082,62.7,5.1,24131,45298,72552,115390.0,208874
2005,4,194.6,0.67,172.21695649999998,4.34,2.79,74476,13093726,226082,62.7,5.1,24131,45298,72552,115390.0,208874
2005,5,194.4,-0.1,175.0356522,4.14,3.0,74476,13093726,226082,62.7,5.1,24131,45298,72552,115390.0,208874
2005,5,194.4,-0.1,175.0356522,4.14,,74476,13093726,226082,62.7,5.1,24131,45298,72552,115390.0,208874
2005,6,194.5,0.05,177.9030435,4.0,3.04,74476,13093726,226082,62.7,5.1,24131,45298,72552,115390.0,208874
2005,6,194.5,0.05,177.9030435,4.0,,74476,13093726,226082,62.7,5.1,24131,45298,72552,115390.0,208874
2005,7,195.4,0.46,180.3456522,4.18,3.26,74476,13093726,226082,62.7,5.1,24131,45298,72552,115390.0,208874
2005,8,196.4,0.51,182.5434783,4.26,3.5,74476,13093726,226082,62.7,5.1,24131,45298,72552,115390.0,208874
2005,8,196.4,0.51,182.5434783,4.26,,74476,13093726,226082,62.7,5.1,24131,45298,72552,115390.0,208874
2005,9,198.8,1.22,184.68,4.2,3.62,74476,13093726,226082,62.7,5.1,24131,45298,72552,115390.0,208874
2005,9,198.8,1.22,184.68,4.2,,74476,13093726,226082,62.7,5.1,24131,45298,72552,115390.0,208874
2005,10,199.2,0.2,186.4291304,4.46,3.78,74476,13093726,226082,62.7,5.1,24131,45298,72552,115390.0,208874
2005,11,197.6,-0.8,187.766087,4.54,4.0,74476,13093726,226082,62.7,5.1,24131,45298,72552,115390.0,208874
2005,12,196.8,-0.4,188.5147826,4.47,4.16,74476,13093726,226082,62.7,5.1,24131,45298,72552,115390.0,208874
2005,12,196.8,-0.4,188.5147826,4.47,,74476,13093726,226082,62.7,5.1,24131,45298,72552,115390.0,208874
2006,1,198.3,0.76,188.9478261,4.42,4.29,100019,13855888,228815,63.1,4.6,24418,46038,73126,118260.0,212081
2006,1,198.3,0.76,188.9478261,4.42,,100019,13855888,228815,63.1,4.6,24418,46038,73126,118260.0,212081
2006,2,198.7,0.2,189.5930435,4.57,4.49,100019,13855888,228815,63.1,4.6,24418,46038,73126,118260.0,212081
2006,3,199.8,0.55,190.27956519999998,4.72,4.59,100019,13855888,228815,63.1,4.6,24418,46038,73126,118260.0,212081
2006,3,199.8,0.55,190.27956519999998,4.72,,100019,13855888,228815,63.1,4.6,24418,46038,73126,118260.0,212081
2006,4,201.5,0.85,191.50043480000002,4.99,4.79,100019,13855888,228815,63.1,4.6,24418,46038,73126,118260.0,212081
2006,5,202.5,0.5,192.61956519999998,5.11,4.94,100019,13855888,228815,63.1,4.6,24418,46038,73126,118260.0,212081
2006,5,202.5,0.5,192.61956519999998,5.11,,100019,13855888,228815,63.1,4.6,24418,46038,73126,118260.0,212081
2006,6,202.9,0.2,193.21695649999998,5.11,4.99,100019,13855888,228815,63.1,4.6,24418,46038,73126,118260.0,212081
2006,6,202.9,0.2,193.21695649999998,5.11,,100019,13855888,228815,63.1,4.6,24418,46038,73126,118260.0,212081
2006,7,203.5,0.3,193.5669565,5.09,5.24,100019,13855888,228815,63.1,4.6,24418,46038,73126,118260.0,212081
2006,8,203.9,0.2,193.3743478,4.88,5.25,100019,13855888,228815,63.1,4.6,24418,46038,73126,118260.0,212081
2006,9,202.9,-0.49,193.00391299999998,4.72,5.25,100019,13855888,228815,63.1,4.6,24418,46038,73126,118260.0,212081
2006,10,201.8,-0.54,192.4608696,4.73,5.25,100019,13855888,228815,63.1,4.6,24418,46038,73126,118260.0,212081
2006,11,201.5,-0.15,191.66521740000002,4.6,5.25,100019,13855888,228815,63.1,4.6,24418,46038,73126,118260.0,212081
2006,12,201.8,0.15,190.5252174,4.56,5.24,100019,13855888,228815,63.1,4.6,24418,46038,73126,118260.0,212081
2007,1,202.416,0.31,189.5656522,4.76,5.25,68265,14477635,231867,63.0,4.6,24048,46340,73480,118516.0,209773
2007,2,203.49900000000002,0.54,188.9273913,4.72,5.26,68265,14477635,231867,63.0,4.6,24048,46340,73480,118516.0,209773
2007,3,205.352,0.91,188.46043480000003,4.56,5.26,68265,14477635,231867,63.0,4.6,24048,46340,73480,118516.0,209773
2007,4,206.68599999999998,0.65,188.1191304,4.69,5.25,68265,14477635,231867,63.0,4.6,24048,46340,73480,118516.0,209773
2007,5,207.949,0.61,187.8291304,4.75,5.25,68265,14477635,231867,63.0,4.6,24048,46340,73480,118516.0,209773
2007,6,208.352,0.19,187.2773913,5.1,5.25,68265,14477635,231867,63.0,4.6,24048,46340,73480,118516.0,209773
2007,7,208.299,-0.03,186.6852174,5.0,5.26,68265,14477635,231867,63.0,4.6,24048,46340,73480,118516.0,209773
2007,8,207.917,-0.18,185.40043480000003,4.67,5.02,68265,14477635,231867,63.0,4.6,24048,46340,73480,118516.0,209773
2007,9,208.49,0.28,183.7030435,4.52,4.94,68265,14477635,231867,63.0,4.6,24048,46340,73480,118516.0,209773
2007,9,208.49,0.28,183.7030435,4.52,,68265,14477635,231867,63.0,4.6,24048,46340,73480,118516.0,209773
2007,10,208.93599999999998,0.21,181.0452174,4.53,4.76,68265,14477635,231867,63.0,4.6,24048,46340,73480,118516.0,209773
2007,10,208.93599999999998,0.21,181.0452174,4.53,,68265,14477635,231867,63.0,4.6,24048,46340,73480,118516.0,209773
2007,11,210.17700000000002,0.59,177.31043480000002,4.15,4.49,68265,14477635,231867,63.0,4.6,24048,46340,73480,118516.0,209773
2007,12,210.03599999999997,-0.07,173.7395652,4.1,4.24,68265,14477635,231867,63.0,4.6,24048,46340,73480,118516.0,209773
2007,12,210.03599999999997,-0.07,173.7395652,4.1,,68265,14477635,231867,63.0,4.6,24048,46340,73480,118516.0,209773
2008,1,211.08,0.5,169.5378261,3.74,3.94,65399,14718582,233788,62.2,5.8,23639,44512,71589,114406.0,205438
2008,1,211.08,0.5,169.5378261,3.74,,65399,14718582,233788,62.2,5.8,23639,44512,71589,114406.0,205438
2008,1,211.08,0.5,169.5378261,3.74,,65399,14718582,233788,62.2,5.8,23639,44512,71589,114406.0,205438
2008,2,211.69299999999998,0.29,165.28260869999997,3.74,2.98,65399,14718582,233788,62.2,5.8,23639,44512,71589,114406.0,205438
2008,3,213.528,0.87,161.856087,3.51,2.61,65399,14718582,233788,62.2,5.8,23639,44512,71589,114406.0,205438
2008,3,213.528,0.87,161.856087,3.51,,65399,14718582,233788,62.2,5.8,23639,44512,71589,114406.0,205438
2008,4,214.82299999999998,0.61,160.0408696,3.68,2.28,65399,14718582,233788,62.2,5.8,23639,44512,71589,114406.0,205438
2008,4,214.82299999999998,0.61,160.0408696,3.68,,65399,14718582,233788,62.2,5.8,23639,44512,71589,114406.0,205438
2008,5,216.632,0.84,158.8634783,3.88,1.98,65399,14718582,233788,62.2,5.8,23639,44512,71589,114406.0,205438
2008,6,218.815,1.01,158.12521740000003,4.1,2.0,65399,14718582,233788,62.2,5.8,23639,44512,71589,114406.0,205438
2008,7,219.96400000000003,0.53,156.9504348,4.01,2.01,65399,14718582,233788,62.2,5.8,23639,44512,71589,114406.0,205438
2008,8,219.08599999999998,-0.4,155.3156522,3.89,2.0,65399,14718582,233788,62.2,5.8,23639,44512,71589,114406.0,205438
2008,9,218.783,-0.14,152.50391299999998,3.69,1.81,65399,14718582,233788,62.2,5.8,23639,44512,71589,114406.0,205438
2008,10,216.57299999999998,-1.01,148.9743478,3.81,0.97,65399,14718582,233788,62.2,5.8,23639,44512,71589,114406.0,205438
2008,10,216.57299999999998,-1.01,148.9743478,3.81,,65399,14718582,233788,62.2,5.8,23639,44512,71589,114406.0,205438
2008,10,216.57299999999998,-1.01,148.9743478,3.81,,65399,14718582,233788,62.2,5.8,23639,44512,71589,114406.0,205438
2008,11,212.425,-1.92,145.4786957,3.53,0.39,65399,14718582,233788,62.2,5.8,23639,44512,71589,114406.0,205438
2008,12,210.22799999999998,-1.03,141.39478259999998,2.42,0.16,65399,14718582,233788,62.2,5.8,23639,44512,71589,114406.0,205438
2008,12,210.22799999999998,-1.03,141.39478259999998,2.42,,65399,14718582,233788,62.2,5.8,23639,44512,71589,114406.0,205438
2009,1,211.143,0.44,137.0765217,2.52,0.15,131891,14418739,235801,59.3,9.3,23425,44151,70781,114530.0,206156
2009,2,212.19299999999998,0.5,133.8804348,2.87,0.22,131891,14418739,235801,59.3,9.3,23425,44151,70781,114530.0,206156
2009,3,212.709,0.24,131.04826090000003,2.82,0.18,131891,14418739,235801,59.3,9.3,23425,44151,70781,114530.0,206156
2009,4,213.24,0.25,130.5295652,2.93,0.15,131891,14418739,235801,59.3,9.3,23425,44151,70781,114530.0,206156
2009,5,213.856,0.29,131.2586957,3.29,0.18,131891,14418739,235801,59.3,9.3,23425,44151,70781,114530.0,206156
2009,6,215.69299999999998,0.86,133.1334783,3.72,0.21,131891,14418739,235801,59.3,9.3,23425,44151,70781,114530.0,206156
2009,7,215.351,-0.16,135.18826090000002,3.56,0.16,131891,14418739,235801,59.3,9.3,23425,44151,70781,114530.0,206156
2009,8,215.834,0.22,136.5469565,3.59,0.16,131891,14418739,235801,59.3,9.3,23425,44151,70781,114530.0,206156
2009,9,215.96900000000002,0.06,136.74956519999998,3.4,0.15,131891,14418739,235801,59.3,9.3,23425,44151,70781,114530.0,206156
2009,10,216.17700000000002,0.1,136.43043480000003,3.39,0.12,131891,14418739,235801,59.3,9.3,23425,44151,70781,114530.0,206156
2009,11,216.33,0.07,136.1552174,3.4,0.12,131891,14418739,235801,59.3,9.3,23425,44151,70781,114530.0,206156
2009,12,215.949,-0.18,135.69,3.59,0.12,131891,14418739,235801,59.3,9.3,23425,44151,70781,114530.0,206156
2010,1,216.687,0.34,134.77695649999998,3.73,0.11,62911,14964372,237830,58.5,9.6,22534,42815,69293,112704.0,203355
2010,2,216.74099999999999,0.02,133.3773913,3.69,0.13,62911,14964372,237830,58.5,9.6,22534,42815,69293,112704.0,203355
2010,3,217.63099999999997,0.41,132.8869565,3.73,0.16,62911,14964372,237830,58.5,9.6,22534,42815,69293,112704.0,203355
2010,4,218.00900000000001,0.17,134.2773913,3.85,0.2,62911,14964372,237830,58.5,9.6,22534,42815,69293,112704.0,203355
2010,5,218.178,0.08,135.90478259999998,3.42,0.2,62911,14964372,237830,58.5,9.6,22534,42815,69293,112704.0,203355
2010,6,217.965,-0.1,137.14434780000002,3.2,0.18,62911,14964372,237830,58.5,9.6,22534,42815,69293,112704.0,203355
2010,7,218.011,0.02,137.60173909999997,3.01,0.18,62911,14964372,237830,58.5,9.6,22534,42815,69293,112704.0,203355
2010,8,218.312,0.14,137.0734783,2.7,0.19,62911,14964372,237830,58.5,9.6,22534,42815,69293,112704.0,203355
2010,9,218.43900000000002,0.06,135.5830435,2.65,0.19,62911,14964372,237830,58.5,9.6,22534,42815,69293,112704.0,203355
2010,10,218.71099999999998,0.12,133.7986957,2.54,0.19,62911,14964372,237830,58.5,9.6,22534,42815,69293,112704.0,203355
2010,11,218.803,0.04,132.39478259999998,2.76,0.19,62911,14964372,237830,58.5,9.6,22534,42815,69293,112704.0,203355
2010,12,219.179,0.17,131.1486957,3.29,0.18,62911,14964372,237830,58.5,9.6,22534,42815,69293,112704.0,203355
